model_name,rotation,variance,required_sample,current_sample,resample
gpt-4o,cs_high,0.001650719749333333,24.32590520016511,150,0
gpt-4o,cs_low,0.008222025751555556,121.16424915036788,150,0
gpt-4o,human_high,0.006185159390493333,91.1478771861893,150,0
gpt-4o,human_low,0.00040439427733333336,5.95937430195093,150,0
gpt-4o,unchar_high,0.0,0.0,150,0
gpt-4o,unchar_low,0.0,0.0,150,0
