1birth,2card,3balls,4hospital,5investigator,6team,7attacker,8attacker,9attacker,10attacker,11attacker,12attacker,13dreamer,14dreamer,15dreamer,16dreamer
0.952,0.9315789473684211,0.9416666666666667,1.0,0.974,0.7,0.9550561797752809,0.75,0.9413333333333334,0.38533333333333336,1.0,0.9413333333333334,1.0,1.0,1.0,1.0
