1birth,2card,3balls,4hospital,5investigator,6team,7attacker,8attacker,9attacker,10attacker,11attacker,12attacker,13dreamer,14dreamer,15dreamer,16dreamer
0.6266666666666667,0.6529605263157895,0.6645833333333333,0.105,0.59,0.835,0.6666666666666666,0.4495726495726496,0.9733333333333334,0.3300813008130081,0.7133333333333334,0.6933333333333334,1.0,1.0,1.0,1.0
