1birth,2card,3balls,4hospital,5investigator,6team,7attacker,8attacker,9attacker,10attacker,11attacker,12attacker,13dreamer,14dreamer,15dreamer,16dreamer
0.25346534653465347,0.18421052631578946,0.6027777777777777,0.162,0.5062695924764891,0.29,0.10970464135021098,0.1528735632183908,0.5786666666666667,0.0627659574468085,0.08813720819437827,0.07108433734939759,0.8466666666666667,0.9693333333333334,0.9873417721518988,0.8
