model_name,p(A|E)_4,p(B|E)_4,p(C|E)_4
gpt-4o,0.6344777100840335,0.15536310810810813,0.4063822926829268
