model_name,rotation,p(A|E)_4,p(B|E)_4,p(C|E)_4
gpt-4o,A,0.6146820338983051,,
gpt-4o,B,,0.098808,
gpt-4o,C,,,0.36219378378378386
gpt-4o,A_B,0.7120729850746268,0.15475626865671643,
gpt-4o,A_C,0.6054635384615384,,0.3140026153846154
gpt-4o,B_C,,0.20752428571428574,0.6114962500000001
gpt-4o,A_B_C,0.5888390425531914,0.11212819148936169,0.3245370212765957
