model_name,rotation,max_variance,required_sample,current_sample,resample
gpt-4o,A,0.05283203496535478,560.8561427466661,590,0
gpt-4o,B,0.002215626736,23.520726879709002,150,0
gpt-4o,C,0.03261370533973703,346.2217003285258,370,0
gpt-4o,A_B,0.037746353703029624,556.25082464945,670,0
gpt-4o,A_C,0.042918177393633135,632.4656351043434,650,0
gpt-4o,B_C,0.03625145650379464,534.2212054077411,560,0
gpt-4o,A_B_C,0.025083035310785425,455.3019084613856,470,0
