model_name,p(A|E),p(B|E),p(C|E)
gpt-4o,0.5776056338028169,0.09916666666666667,0.24875
gpt-4-turbo,0.6655211267605634,0.1610897435897436,0.4108974358974359
claude-3-opus-20240229,0.6111333333333334,0.1469183673469388,0.33989898989898987
gemini-1.5-pro-latest,0.6801666666666667,0.1348214285714286,0.38344780219780217
mistral-large-latest,0.6874218750000001,0.14875,0.467109375
