model_name,rotation,p(A|E)_5,p(C|E)_5,p(B|E)_5
gpt-4o,A,0.25549398148148145,,
gpt-4o,C,,0.16100933333333334,
gpt-4o,B,,,0.03727233333333333
gpt-4o,A_C,0.3107083823529412,0.2530192647058824,
gpt-4o,A_B,0.4150574404411765,,0.09385799117647058
gpt-4o,B_C,,0.41149017094017093,0.11016657264957268
gpt-4o,A_B_C,0.3863996315789474,0.3011704736842105,0.09314863157894736
