model_name,p(A|E)_4,p(B|E)_4,p(C|E)_4
gpt-4o,0.3717247987730061,0.09659058071625344,0.3266982881355932
