model_name,rotation,max_variance,required_sample,current_sample,resample
gpt-4o,A,0.019200549466092252,203.82985662450426,270,0
gpt-4o,C,0.011870145646222224,126.01150240279452,150,0
gpt-4o,B,0.001049714851222222,11.143599197465294,150,0
gpt-4o,A_C,0.0445898141503244,657.099784716236,680,0
gpt-4o,A_B,0.08377697231806705,1234.5830886128379,1360,0
gpt-4o,B_C,0.07738954006578275,1140.454408378475,1170,0
gpt-4o,A_B_C,0.050611653602495844,918.6919441800745,950,0
