model_name,p(E|-A),p(E|-B),p(E|-C)
gpt-4o,0.7560119047619047,0.1411111111111111,0.39470085470085464
gpt-4-turbo,0.7349173553719008,0.21731404958677686,0.4510743801652892
claude-3-opus-20240229,0.722923076923077,0.2633076923076923,0.4824657534246574
gemini-1.5-pro-latest,0.7111666666666667,0.2947857142857143,0.4392619047619048
mistral-large-latest,0.7158333333333333,0.23224999999999998,0.4979166666666667
