model_name,spearman,spearman_pvalue,pearson,pearson_pvalue
gpt-4o,-0.8811188811188813,0.0002,-0.9463815296579947,0.0006
gpt-4-turbo,-0.8756580854229329,0.0004,-0.8758790576246134,0.001
claude-3-opus-20240229,-0.9020979020979022,0.0004,-0.9183265373261646,0.0002
gemini-1.5-pro-latest,-0.8350928599287796,0.0014,-0.9400525848585242,0.0002
mistral-large-latest,-0.8651501883978578,0.0006,-0.946828655358602,0.0004
