model_name,spearman,spearman_pvalue,pearson,pearson_pvalue
gpt-4o,0.9090909090909092,0.0004,0.9011019390092045,0.0002
gpt-4-turbo,0.8951048951048951,0.0004,0.95356856361854,0.0002
claude-3-opus-20240229,0.8741258741258742,0.0002,0.9248644515322599,0.0002
gemini-1.5-pro-latest,0.9020979020979022,0.0004,0.9619339364984373,0.0002
mistral-large-latest,0.938705467573384,0.0002,0.9764369469544791,0.0002
