model_name,spearman,spearman_pvalue,pearson,pearson_pvalue
gpt-4o,0.9300699300699302,0.0002,0.8960374098264692,0.0004
gpt-4-turbo,0.965034965034965,0.0002,0.9831864740687142,0.0002
claude-3-opus-20240229,0.9580419580419581,0.0002,0.9618907233492906,0.0002
gemini-1.5-pro-latest,0.9510489510489512,0.0002,0.9703550409629061,0.0002
mistral-large-latest,0.9842396880153765,0.0002,0.9672944722007842,0.0002
