model_name,spearman,spearman_pvalue,pearson,pearson_pvalue
gpt-4o,0.9440559440559443,0.0002,0.9684746755625517,0.0002
gpt-4-turbo,0.9160839160839163,0.0002,0.9772353365947378,0.0002
claude-3-opus-20240229,0.9300699300699302,0.0002,0.9779850756485812,0.0002
gemini-1.5-pro-latest,0.9230769230769231,0.0002,0.9222458653356874,0.0002
mistral-large-latest,0.965034965034965,0.0004,0.9780104123462379,0.0002
