model_name,cs_high,cs_low,cs_difference,cs_ratio,human_high,human_low,human_difference,human_ratio,unchar_high,unchar_low,unchar_difference,unchar_ratio
gpt-4o,0.9526166666666666,0.6682533333333331,0.2843633333333334,9.980631022541994,,,,,,,,
gpt-4o,,,,,0.41037304761904764,0.07556533333333335,0.3348077142857143,8.514421055821947,,,,
gpt-4o,,,,,,,,,0.7466666666666667,0.25333333333333335,0.49333333333333335,8.686980609418283
