model_name,rotation,variance,required_sample,current_sample,resample
gpt-4o,cs_high,0.0006886357888888883,10.148112012785589,150,0
gpt-4o,cs_low,0.009129730488888892,134.54068049132027,150,0
gpt-4o,human_high,0.014045941167854873,206.98863840111358,210,0
gpt-4o,human_low,0.0037242899982222227,54.88316564411716,150,0
gpt-4o,unchar_high,0.0008222222222222218,12.116714444910878,150,0
gpt-4o,unchar_low,0.0008222222222222226,12.116714444910889,150,0
