model_name,p(A|E)_2,p(B|E)_2,p(C|E)_2
gpt-4o,0.7015,0.11121621621621623,0.3106081081081081
