model_name,rotation,p(A|E)_2,p(B|E)_2,p(C|E)_2
gpt-4o,A,0.7470000000000001,,
gpt-4o,B,,0.14566666666666667,
gpt-4o,C,,,0.306
gpt-4o,A_B,0.7163333333333335,0.09599999999999997,
gpt-4o,A_C,0.6890000000000001,,0.26733333333333337
gpt-4o,B_C,,0.11482758620689654,0.3658620689655172
gpt-4o,A_B_C,0.6536666666666667,0.085,0.25166666666666665
