model_name,rotation,max_variance,required_sample,current_sample,resample
gpt-4o,A,0.0019743333333333344,20.959196036185954,150,0
gpt-4o,B,0.0022978888888888892,24.394008285461286,150,0
gpt-4o,C,0.004330666666666667,45.97364087491605,150,0
gpt-4o,A_B,0.0029832222222222243,43.96238731505575,150,0
gpt-4o,A_C,0.0027995555555555543,41.25577529107763,150,0
gpt-4o,B_C,0.018938049940546965,279.08141749427324,290,0
gpt-4o,A_B_C,0.004469888888888888,81.13646998879605,150,0
