model_name,cs_high,cs_low,cs_difference,cs_ratio,human_high,human_low,human_difference,human_ratio,unchar_high,unchar_low,unchar_difference,unchar_ratio
gpt-4o,0.9483119999999998,0.6594286666666666,0.28888333333333327,9.475492340789675,,,,,,,,
gpt-4o,,,,,0.38738399999999995,0.05535266666666666,0.3320313333333333,10.791566681170181,,,,
gpt-4o,,,,,,,,,0.75,0.25,0.5,9.0
