model_name,rotation,variance,required_sample,current_sample,resample
gpt-4o,cs_high,0.0011431053226666661,16.84542256444424,150,0
gpt-4o,cs_low,0.00749693204488889,110.4788734064033,150,0
gpt-4o,human_high,0.007411148277333332,109.21471709027983,150,0
gpt-4o,human_low,0.0006907622262222222,10.179448351377081,150,0
gpt-4o,unchar_high,0.0,0.0,150,0
gpt-4o,unchar_low,0.0,0.0,150,0
