model_name,rotation,p(A|E)_3,p(C|E)_3,p(B|E)_3
gpt-4o,A,0.7409692307692308,,
gpt-4o,C,,0.444546875,
gpt-4o,B,,,0.125
gpt-4o,A_C,0.6997647368421054,0.29376157894736843,
gpt-4o,A_B,0.7888153333333333,,0.1332513333333333
gpt-4o,B_C,,0.6152133333333334,0.20793666666666666
gpt-4o,A_B_C,0.6778399999999999,0.306415,0.10849500000000001
