model_name,p(A|E)_3,p(B|E)_3,p(C|E)_3
gpt-4o,0.7243719999999999,0.153522125,0.43952148514851486
