model_name,rotation,max_variance,required_sample,current_sample,resample
gpt-4o,A,0.021882922130177517,232.30548105908272,260,0
gpt-4o,C,0.02614674780273437,277.5695489985938,320,0
gpt-4o,B,0.0031753333333333334,33.70881334470831,150,0
gpt-4o,A_C,0.010652486177562329,156.98083760499284,190,0
gpt-4o,A_B,0.004130231831555557,60.86534557407561,150,0
gpt-4o,B_C,0.01635741448888889,241.05176807705826,300,0
gpt-4o,A_B_C,0.009560672775,173.54329357263128,200,0
