model_name,p(E|A),p(E|B),p(E|C)
gpt-4o,0.7792352941176472,0.17118750000000002,0.4513440860215054
gpt-4-turbo,0.7741780821917807,0.2448550724637681,0.5162328767123288
claude-3-opus-20240229,0.7533333333333333,0.26649999999999996,0.5203333333333333
gemini-1.5-pro-latest,0.7109166666666668,0.246,0.4339166666666666
mistral-large-latest,0.7616129032258064,0.2627419354838709,0.5675806451612903
