model_name,p(A),p(B),p(C)
gpt-4o,0.03233,0.18877500000000003,0.133875
gpt-4-turbo,0.030805,0.22843333333333335,0.12882666666666667
claude-3-opus-20240229,0.019985,0.20201666666666668,0.09098333333333333
gemini-1.5-pro-latest,0.0481,0.27748333333333336,0.18091666666666664
mistral-large-latest,0.026533333333333332,0.24936666666666668,0.14755833333333335
