model_name,sim_A,sim_B,sim_C
gpt-4o,0.8893333333333334,0.2775,0.6286666666666667
gpt-4-turbo,0.834,0.33025,0.6535
claude-3-opus-20240229,0.8078333333333332,0.3486666666666666,0.6431666666666666
gemini-1.5-pro-latest,0.7859999999999999,0.3513095238095238,0.6485714285714285
mistral-large-latest,0.8145833333333332,0.3568333333333333,0.6234999999999999
